{"$schema":"http://schema.management.azure.com/schemas/2015-01-01/deploymentTemplate.json#","contentVersion":"1.0.0.0","parameters":{"factoryName":{"type":"string","metadata":"Data Factory name"},"AmazonS3":{"type":"string"},"s3toadlsgen2ls":{"type":"string"}},"variables":{"factoryId":"[concat('Microsoft.DataFactory/factories/', parameters('factoryName'))]"},"resources":[{"name":"[concat(parameters('factoryName'), '/S3ToADLSGen2')]","type":"Microsoft.DataFactory/factories/pipelines","apiVersion":"2018-06-01","properties":{"activities":[{"name":"S3ToADLSGen2","description":"This pipeline is used to copy the DynamoDB exported data from S3 to ADLS Gen2. ","type":"Copy","dependsOn":[],"policy":{"timeout":"0.12:00:00","retry":3,"retryIntervalInSeconds":30,"secureOutput":false,"secureInput":false},"userProperties":[],"typeProperties":{"source":{"type":"BinarySource","storeSettings":{"type":"AmazonS3ReadSettings","recursive":true,"wildcardFolderPath":"*","wildcardFileName":"*.json.gz"},"formatSettings":{"type":"BinaryReadSettings"}},"sink":{"type":"BinarySink","storeSettings":{"type":"AzureBlobFSWriteSettings"}},"enableStaging":false},"inputs":[{"referenceName":"DynamoDBS3JsonDS","type":"DatasetReference","parameters":{}}],"outputs":[{"referenceName":"DynamoDBADLSGen2JsonDS","type":"DatasetReference","parameters":{}}]}],"policy":{"elapsedTimeMetric":{}},"annotations":[],"lastPublishTime":"2025-01-03T07:31:06Z"},"dependsOn":["[concat(variables('factoryId'), '/datasets/DynamoDBS3JsonDS')]","[concat(variables('factoryId'), '/datasets/DynamoDBADLSGen2JsonDS')]"]},{"name":"[concat(parameters('factoryName'), '/DynamoDBS3JsonDS')]","type":"Microsoft.DataFactory/factories/datasets","apiVersion":"2018-06-01","properties":{"linkedServiceName":{"referenceName":"[parameters('AmazonS3')]","type":"LinkedServiceReference"},"annotations":[],"type":"Binary","typeProperties":{"location":{"type":"AmazonS3Location","bucketName":"dynamodbmigdemo","folderPath":"AWSDynamoDB/01734343494310-914aa177/data"}}},"dependsOn":[]},{"name":"[concat(parameters('factoryName'), '/DynamoDBADLSGen2JsonDS')]","type":"Microsoft.DataFactory/factories/datasets","apiVersion":"2018-06-01","properties":{"linkedServiceName":{"referenceName":"[parameters('s3toadlsgen2ls')]","type":"LinkedServiceReference"},"annotations":[],"type":"Binary","typeProperties":{"location":{"type":"AzureBlobFSLocation","fileSystem":"s3datacopy"}}},"dependsOn":[]}]}